instance,algorithm,hv_mean,hv_std,time_mean,time_std,n_runs
instancia_pequena.json,GREEDY,14484.0,0.0,0.0333333333333333,0.1825741858350553,30
instancia_pequena.json,NSGAII,14484.0,0.0,151.53333333333333,34.236231396429794,30
instancia_mediana.json,GREEDY,1.0,0.0,0.0333333333333333,0.1825741858350553,30
instancia_mediana.json,NSGAII,186.6,3.82910811619589,468.1333333333333,21.90533446813628,30
instancia_grande.json,GREEDY,4550.0,0.0,0.1666666666666666,0.3790490217894517,30
instancia_grande.json,NSGAII,6517.0,0.0,1401.4666666666667,47.2015000735718,30
