instance,algorithm,hv_mean,hv_std,time_mean,time_std,n_runs
instancia_pequena.json,GREEDY,6351.0,0.0,0.0333333333333333,0.1825741858350553,30
instancia_pequena.json,NSGAII,7308.0,0.0,167.73333333333332,45.92417538788772,30
instancia_mediana.json,GREEDY,1.0,0.0,0.0666666666666666,0.2537081317024624,30
instancia_mediana.json,NSGAII,243.8,15.068578863499942,433.1333333333333,20.491770145064603,30
instancia_grande.json,GREEDY,430.0,0.0,0.2,0.4068381021724862,30
instancia_grande.json,NSGAII,742.9,10.406728592598167,1395.1333333333334,44.99251534179445,30
