instance,algorithm,hv_mean,hv_std,time_mean,time_std,n_runs
instancia_grande.json,GREEDY,430.0,0.0,0.2,0.4068381021724862,30
instancia_grande.json,NSGAII,742.9,10.406728592598169,1395.1333333333334,44.99251534179445,30
instancia_mediana.json,GREEDY,1.0,0.0,0.06666666666666667,0.2537081317024624,30
instancia_mediana.json,NSGAII,243.8,15.068578863499942,433.1333333333333,20.491770145064603,30
instancia_pequena.json,GREEDY,6351.0,0.0,0.03333333333333333,0.18257418583505536,30
instancia_pequena.json,NSGAII,7308.0,0.0,167.73333333333332,45.924175387887715,30
